{
    "metrics": {
        "http_reqs": {
            "count": 12290,
            "rate": 65.0684167963606
        },
        "data_sent": {
            "count": 3449130,
            "rate": 18261.141450352417
        },
        "http_req_waiting": {
            "avg": 1795.8681012370203,
            "min": 0,
            "med": 4.1351855,
            "max": 34196.518215,
            "p(90)": 6038.7507129000305,
            "p(95)": 16386.586794199997
        },
        "iterations": {
            "count": 12289,
            "rate": 65.06312237676772
        },
        "http_req_duration": {
            "avg": 1796.0027947427977,
            "min": 0,
            "med": 4.250054,
            "max": 34198.248378,
            "p(90)": 6038.87962690003,
            "p(95)": 16386.7641017,
            "thresholds": {
                "p(95)<1000": true
            }
        },
        "http_req_sending": {
            "avg": 0.030047315703824365,
            "min": 0,
            "med": 0.02147,
            "max": 3.407197,
            "p(90)": 0.0479917,
            "p(95)": 0.0858029999999999
        },
        "checks": {
            "passes": 12288,
            "fails": 2,
            "value": 0.9998372660699756
        },
        "http_req_blocked": {
            "p(95)": 0.023772649999999982,
            "avg": 0.06831993864930844,
            "min": 0,
            "med": 0.005517,
            "max": 59.198207,
            "p(90)": 0.0099282
        },
        "http_req_receiving": {
            "p(90)": 0.1374842,
            "p(95)": 0.24701359999999947,
            "avg": 0.10464619007323059,
            "min": 0,
            "med": 0.06590199999999999,
            "max": 7.552664
        },
        "data_received": {
            "rate": 9961.995789201179,
            "count": 1881603
        },
        "http_req_failed": {
            "passes": 2,
            "fails": 12288,
            "thresholds": {
                "rate<0.01": false
            },
            "value": 0.00016273393002441008
        },
        "vus": {
            "value": 83,
            "min": 0,
            "max": 300
        },
        "vus_max": {
            "value": 300,
            "min": 300,
            "max": 300
        },
        "http_req_connecting": {
            "min": 0,
            "med": 0,
            "max": 59.100203,
            "p(90)": 0,
            "p(95)": 0,
            "avg": 0.057878617575264434
        },
        "http_req_duration{expected_response:true}": {
            "p(90)": 6055.38367870009,
            "p(95)": 16386.8918771,
            "avg": 1796.2951129060045,
            "min": 2.316733,
            "med": 4.250105,
            "max": 34198.248378
        },
        "http_req_tls_handshaking": {
            "avg": 0,
            "min": 0,
            "med": 0,
            "max": 0,
            "p(90)": 0,
            "p(95)": 0
        },
        "iteration_duration": {
            "p(95)": 16489.6707512,
            "avg": 1899.4512679870586,
            "min": 102.583539,
            "med": 104.99838,
            "max": 34300.453842,
            "p(90)": 6219.047950000016
        }
    },
    "root_group": {
        "id": "d41d8cd98f00b204e9800998ecf8427e",
        "groups": {},
        "checks": {
                "status is 202": {
                    "path": "::status is 202",
                    "id": "34a6d451b2be8259be22b1a5c2a715cf",
                    "passes": 12288,
                    "fails": 2,
                    "name": "status is 202"
                }
            },
        "name": "",
        "path": ""
    }
}